"title","content","author","url","attachments","tags","authorAvatarURL"
"rep·ªè √™p·ªèp·∫ªop·∫ªo","@repo dep trai thi vkl","CODY#7382","https://discord.com/channels/708367190780543048/832244041810575371/840857769426944000","","Game th·ªß, Interaction Design",""
"S·ª¶A CLG","l·ªìn m·∫π ch√∫ng m√†y","Boost nh·∫ßm server#8383","https://discord.com/channels/708367190780543048/832244041810575371/840858555392720926","","Graphic Design, Art, Game th·ªß, Interaction Design",""
"sao nhi","@find l·ªìn m·∫π ch√∫ng m√†y","CODY#7382","https://discord.com/channels/708367190780543048/832244041810575371/840858648728567818","","Graphic Design, Art, Game th·ªß",""
"m124m124m12 4b12u4","","Lean#2992","https://discord.com/channels/708367190780543048/832244041810575371/840859187768328223","","Graphic Design, Game th·ªß",""
"ngu loz","","Lean#2992","https://discord.com/channels/708367190780543048/832244041810575371/840859481562808330","","Graphic Design, Art, Game th·ªß",""
"nhu nay ong a","","Lean#2992","https://discord.com/channels/708367190780543048/832244041810575371/840859773175463956","","Graphic Design, Art, Game th·ªß",""
"cai loz","","Lean#2992","https://discord.com/channels/708367190780543048/832244041810575371/840860303406661662","","Graphic Design, Art, Game th·ªß, Interaction Design",""
"1241j24","@repo thu","CODY#7382","https://discord.com/channels/708367190780543048/832244041810575371/840860721993482261","","Graphic Design, Art",""
"∆° ready","message.author.displayAvatarURL()","Lean#2992","https://discord.com/channels/708367190780543048/832244041810575371/840861610360176700","","Graphic Design, Art, Game th·ªß",""
"bo may deo sai ok","@alo","CODY#7382","https://discord.com/channels/708367190780543048/832244041810575371/840862793225076776","","Art, Graphic Design",""
"lam lai tu day","@repo bo may deo sai ok","CODY#7382","https://discord.com/channels/708367190780543048/832244041810575371/840862950869041154","","Art, Graphic Design, Interaction Design","https://cdn.discordapp.com/avatars/246314424753848320/eaa04087cbad4ed212263c782e1dbf8c.webp"
"n√®","=))","morphine üé≤#9575","https://discord.com/channels/537516790658367498/832561266308546592/840921173297987614","","","https://cdn.discordapp.com/embed/avatars/0.png"
